epoch,top1,top5,top10
0,0.2273910394860719,0.5402337043805726,0.6869911945505898
15,0.38566760812981116,0.726144985324251,0.8225065071717339
30,0.45040704435952816,0.7807498477044913,0.859278949991693
45,0.4832474940466301,0.8024035000276901,0.8747854017832419
60,0.5117129091211164,0.8206235808827601,0.8855845378523565
75,0.5356925292130476,0.8342471063853353,0.8949991692972254
90,0.554411031732846,0.8401727861771058,0.8999833859445091
105,0.5677022761256023,0.8491997563271861,0.9037492385224567
